Model,MAE,RMSE,R2 Score
Ridge Regression,0.4523706843381943,1.8044096869031667,0.7696584630608467
Linear Regression,0.4523920089625977,1.804444509272284,0.7696495724907312
Gradient Boosting,0.7887946190706202,1.9351016136318804,0.7350831937919888
XGBoost,0.9966194033622742,2.152440894508327,0.6722335815429688
Random Forest,1.079228441754917,2.155993159844207,0.671150854432788
Lasso Regression,1.905677079014111,2.8189129432095092,0.4378330782144023
